"","chr","name","start","end","peaks","trait","total_peaks"
"1","II","II",4470803,5087635,16,"A_12_P100688",23
"2","II","II",4470803,5087635,16,"A_12_P101012",23
"3","II","II",4470803,5087635,16,"A_12_P101246",23
"4","II","II",4470803,5087635,16,"A_12_P103331",23
"5","II","II",4470803,5087635,16,"A_12_P104002",23
"6","II","II",4470803,5087635,16,"A_12_P104351",23
"7","II","II",4470803,5087635,16,"A_12_P104470",23
"8","II","II",4470803,5087635,16,"A_12_P104514",23
"9","II","II",4470803,5087635,16,"A_12_P107710",23
"10","II","II",4470803,5087635,16,"A_12_P108295",23
"11","II","II",4470803,5087635,16,"A_12_P108736",23
"12","II","II",4470803,5087635,16,"A_12_P110067",23
"13","II","II",4470803,5087635,16,"A_12_P113614",23
"14","II","II",4470803,5087635,16,"A_12_P113829",23
"15","II","II",4470803,5087635,16,"A_12_P113912",23
"16","II","II",4470803,5087635,16,"A_12_P113932",23
"17","II","II",4470803,5087635,16,"A_12_P114844",23
"18","II","II",4470803,5087635,16,"A_12_P116807",23
"19","II","II",4470803,5087635,16,"A_12_P117755",23
"20","II","II",4470803,5087635,16,"A_12_P117981",23
"21","II","II",4470803,5087635,16,"A_12_P118838",23
"22","II","II",4470803,5087635,16,"A_12_P104523",23
"23","II","II",4470803,5087635,16,"A_12_P108767",23
"24","IV","IVL",4538310,7064712,79,"A_12_P100138",92
"25","IV","IVL",4538310,7064712,79,"A_12_P100577",92
"26","IV","IVL",4538310,7064712,79,"A_12_P100621",92
"27","IV","IVL",4538310,7064712,79,"A_12_P100765",92
"28","IV","IVL",4538310,7064712,79,"A_12_P100816",92
"29","IV","IVL",4538310,7064712,79,"A_12_P100848",92
"30","IV","IVL",4538310,7064712,79,"A_12_P101339",92
"31","IV","IVL",4538310,7064712,79,"A_12_P101694",92
"32","IV","IVL",4538310,7064712,79,"A_12_P102481",92
"33","IV","IVL",4538310,7064712,79,"A_12_P102539",92
"34","IV","IVL",4538310,7064712,79,"A_12_P102654",92
"35","IV","IVL",4538310,7064712,79,"A_12_P102673",92
"36","IV","IVL",4538310,7064712,79,"A_12_P102997",92
"37","IV","IVL",4538310,7064712,79,"A_12_P104069",92
"38","IV","IVL",4538310,7064712,79,"A_12_P104077",92
"39","IV","IVL",4538310,7064712,79,"A_12_P104149",92
"40","IV","IVL",4538310,7064712,79,"A_12_P104372",92
"41","IV","IVL",4538310,7064712,79,"A_12_P104543",92
"42","IV","IVL",4538310,7064712,79,"A_12_P104737",92
"43","IV","IVL",4538310,7064712,79,"A_12_P104949",92
"44","IV","IVL",4538310,7064712,79,"A_12_P105007",92
"45","IV","IVL",4538310,7064712,79,"A_12_P105040",92
"46","IV","IVL",4538310,7064712,79,"A_12_P105199",92
"47","IV","IVL",4538310,7064712,79,"A_12_P105633",92
"48","IV","IVL",4538310,7064712,79,"A_12_P105774",92
"49","IV","IVL",4538310,7064712,79,"A_12_P106061",92
"50","IV","IVL",4538310,7064712,79,"A_12_P106087",92
"51","IV","IVL",4538310,7064712,79,"A_12_P106164",92
"52","IV","IVL",4538310,7064712,79,"A_12_P106176",92
"53","IV","IVL",4538310,7064712,79,"A_12_P106182",92
"54","IV","IVL",4538310,7064712,79,"A_12_P106436",92
"55","IV","IVL",4538310,7064712,79,"A_12_P106665",92
"56","IV","IVL",4538310,7064712,79,"A_12_P106686",92
"57","IV","IVL",4538310,7064712,79,"A_12_P106971",92
"58","IV","IVL",4538310,7064712,79,"A_12_P107017",92
"59","IV","IVL",4538310,7064712,79,"A_12_P107113",92
"60","IV","IVL",4538310,7064712,79,"A_12_P107171",92
"61","IV","IVL",4538310,7064712,79,"A_12_P108313",92
"62","IV","IVL",4538310,7064712,79,"A_12_P108357",92
"63","IV","IVL",4538310,7064712,79,"A_12_P108390",92
"64","IV","IVL",4538310,7064712,79,"A_12_P109138",92
"65","IV","IVL",4538310,7064712,79,"A_12_P109584",92
"66","IV","IVL",4538310,7064712,79,"A_12_P110174",92
"67","IV","IVL",4538310,7064712,79,"A_12_P110206",92
"68","IV","IVL",4538310,7064712,79,"A_12_P110672",92
"69","IV","IVL",4538310,7064712,79,"A_12_P110830",92
"70","IV","IVL",4538310,7064712,79,"A_12_P111364",92
"71","IV","IVL",4538310,7064712,79,"A_12_P111395",92
"72","IV","IVL",4538310,7064712,79,"A_12_P111832",92
"73","IV","IVL",4538310,7064712,79,"A_12_P112054",92
"74","IV","IVL",4538310,7064712,79,"A_12_P112350",92
"75","IV","IVL",4538310,7064712,79,"A_12_P113273",92
"76","IV","IVL",4538310,7064712,79,"A_12_P113545",92
"77","IV","IVL",4538310,7064712,79,"A_12_P113547",92
"78","IV","IVL",4538310,7064712,79,"A_12_P113675",92
"79","IV","IVL",4538310,7064712,79,"A_12_P113750",92
"80","IV","IVL",4538310,7064712,79,"A_12_P113865",92
"81","IV","IVL",4538310,7064712,79,"A_12_P113968",92
"82","IV","IVL",4538310,7064712,79,"A_12_P114037",92
"83","IV","IVL",4538310,7064712,79,"A_12_P114066",92
"84","IV","IVL",4538310,7064712,79,"A_12_P114650",92
"85","IV","IVL",4538310,7064712,79,"A_12_P114731",92
"86","IV","IVL",4538310,7064712,79,"A_12_P114900",92
"87","IV","IVL",4538310,7064712,79,"A_12_P115634",92
"88","IV","IVL",4538310,7064712,79,"A_12_P115686",92
"89","IV","IVL",4538310,7064712,79,"A_12_P115841",92
"90","IV","IVL",4538310,7064712,79,"A_12_P116328",92
"91","IV","IVL",4538310,7064712,79,"A_12_P116332",92
"92","IV","IVL",4538310,7064712,79,"A_12_P116812",92
"93","IV","IVL",4538310,7064712,79,"A_12_P116837",92
"94","IV","IVL",4538310,7064712,79,"A_12_P117604",92
"95","IV","IVL",4538310,7064712,79,"A_12_P117614",92
"96","IV","IVL",4538310,7064712,79,"A_12_P117643",92
"97","IV","IVL",4538310,7064712,79,"A_12_P117717",92
"98","IV","IVL",4538310,7064712,79,"A_12_P117862",92
"99","IV","IVL",4538310,7064712,79,"A_12_P118504",92
"100","IV","IVL",4538310,7064712,79,"A_12_P118676",92
"101","IV","IVL",4538310,7064712,79,"A_12_P118705",92
"102","IV","IVL",4538310,7064712,79,"A_12_P118706",92
"103","IV","IVL",4538310,7064712,79,"A_12_P118753",92
"104","IV","IVL",4538310,7064712,79,"A_12_P119055",92
"105","IV","IVL",4538310,7064712,79,"A_12_P119206",92
"106","IV","IVL",4538310,7064712,79,"A_12_P100817",92
"107","IV","IVL",4538310,7064712,79,"A_12_P103777",92
"108","IV","IVL",4538310,7064712,79,"A_12_P104140",92
"109","IV","IVL",4538310,7064712,79,"A_12_P104961",92
"110","IV","IVL",4538310,7064712,79,"A_12_P111044",92
"111","IV","IVL",4538310,7064712,79,"A_12_P115714",92
"112","IV","IVL",4538310,7064712,79,"A_12_P116139",92
"113","IV","IVL",4538310,7064712,79,"A_12_P117135",92
"114","IV","IVL",4538310,7064712,79,"A_12_P119175",92
"115","IV","IVL",4538310,7064712,79,"A_12_P106059",92
"116","IV","IVC",8696159,11474630,20,"A_12_P101202",38
"117","IV","IVC",8696159,11474630,20,"A_12_P102550",38
"118","IV","IVC",8696159,11474630,20,"A_12_P102679",38
"119","IV","IVC",8696159,11474630,20,"A_12_P103275",38
"120","IV","IVC",8696159,11474630,20,"A_12_P103403",38
"121","IV","IVC",8696159,11474630,20,"A_12_P103484",38
"122","IV","IVC",8696159,11474630,20,"A_12_P103931",38
"123","IV","IVC",8696159,11474630,20,"A_12_P105125",38
"124","IV","IVC",8696159,11474630,20,"A_12_P105959",38
"125","IV","IVC",8696159,11474630,20,"A_12_P106711",38
"126","IV","IVC",8696159,11474630,20,"A_12_P106999",38
"127","IV","IVC",8696159,11474630,20,"A_12_P107309",38
"128","IV","IVC",8696159,11474630,20,"A_12_P107601",38
"129","IV","IVC",8696159,11474630,20,"A_12_P108291",38
"130","IV","IVC",8696159,11474630,20,"A_12_P108934",38
"131","IV","IVC",8696159,11474630,20,"A_12_P109295",38
"132","IV","IVC",8696159,11474630,20,"A_12_P110090",38
"133","IV","IVC",8696159,11474630,20,"A_12_P110682",38
"134","IV","IVC",8696159,11474630,20,"A_12_P111249",38
"135","IV","IVC",8696159,11474630,20,"A_12_P111575",38
"136","IV","IVC",8696159,11474630,20,"A_12_P113457",38
"137","IV","IVC",8696159,11474630,20,"A_12_P113469",38
"138","IV","IVC",8696159,11474630,20,"A_12_P113569",38
"139","IV","IVC",8696159,11474630,20,"A_12_P113748",38
"140","IV","IVC",8696159,11474630,20,"A_12_P115197",38
"141","IV","IVC",8696159,11474630,20,"A_12_P115707",38
"142","IV","IVC",8696159,11474630,20,"A_12_P115783",38
"143","IV","IVC",8696159,11474630,20,"A_12_P117563",38
"144","IV","IVC",8696159,11474630,20,"A_12_P118969",38
"145","IV","IVC",8696159,11474630,20,"A_12_P119195",38
"146","IV","IVC",8696159,11474630,20,"A_12_P119599",38
"147","IV","IVC",8696159,11474630,20,"A_12_P119850",38
"148","IV","IVC",8696159,11474630,20,"A_12_P119886",38
"149","IV","IVC",8696159,11474630,20,"A_12_P119959",38
"150","IV","IVC",8696159,11474630,20,"A_12_P103126",38
"151","IV","IVC",8696159,11474630,20,"A_12_P107851",38
"152","IV","IVC",8696159,11474630,20,"A_12_P116272",38
"153","IV","IVC",8696159,11474630,20,"A_12_P117163",38
"154","IV","IVR",15636170,15990166,38,"A_12_P101054",40
"155","IV","IVR",15636170,15990166,38,"A_12_P101085",40
"156","IV","IVR",15636170,15990166,38,"A_12_P101773",40
"157","IV","IVR",15636170,15990166,38,"A_12_P101817",40
"158","IV","IVR",15636170,15990166,38,"A_12_P102477",40
"159","IV","IVR",15636170,15990166,38,"A_12_P102793",40
"160","IV","IVR",15636170,15990166,38,"A_12_P103225",40
"161","IV","IVR",15636170,15990166,38,"A_12_P104134",40
"162","IV","IVR",15636170,15990166,38,"A_12_P104594",40
"163","IV","IVR",15636170,15990166,38,"A_12_P104743",40
"164","IV","IVR",15636170,15990166,38,"A_12_P104992",40
"165","IV","IVR",15636170,15990166,38,"A_12_P105568",40
"166","IV","IVR",15636170,15990166,38,"A_12_P107346",40
"167","IV","IVR",15636170,15990166,38,"A_12_P107600",40
"168","IV","IVR",15636170,15990166,38,"A_12_P108364",40
"169","IV","IVR",15636170,15990166,38,"A_12_P108902",40
"170","IV","IVR",15636170,15990166,38,"A_12_P110005",40
"171","IV","IVR",15636170,15990166,38,"A_12_P110205",40
"172","IV","IVR",15636170,15990166,38,"A_12_P111296",40
"173","IV","IVR",15636170,15990166,38,"A_12_P111333",40
"174","IV","IVR",15636170,15990166,38,"A_12_P111787",40
"175","IV","IVR",15636170,15990166,38,"A_12_P111905",40
"176","IV","IVR",15636170,15990166,38,"A_12_P112108",40
"177","IV","IVR",15636170,15990166,38,"A_12_P112119",40
"178","IV","IVR",15636170,15990166,38,"A_12_P112650",40
"179","IV","IVR",15636170,15990166,38,"A_12_P112652",40
"180","IV","IVR",15636170,15990166,38,"A_12_P113012",40
"181","IV","IVR",15636170,15990166,38,"A_12_P113080",40
"182","IV","IVR",15636170,15990166,38,"A_12_P113165",40
"183","IV","IVR",15636170,15990166,38,"A_12_P115146",40
"184","IV","IVR",15636170,15990166,38,"A_12_P116654",40
"185","IV","IVR",15636170,15990166,38,"A_12_P117385",40
"186","IV","IVR",15636170,15990166,38,"A_12_P117555",40
"187","IV","IVR",15636170,15990166,38,"A_12_P117845",40
"188","IV","IVR",15636170,15990166,38,"A_12_P101855",40
"189","IV","IVR",15636170,15990166,38,"A_12_P106867",40
"190","IV","IVR",15636170,15990166,38,"A_12_P107084",40
"191","IV","IVR",15636170,15990166,38,"A_12_P111807",40
"192","IV","IVR",15636170,15990166,38,"A_12_P115705",40
"193","IV","IVR",15636170,15990166,38,"A_12_P117826",40
"194","V","VL",5030874,5269362,22,"A_12_P100286",33
"195","V","VL",5030874,5269362,22,"A_12_P101408",33
"196","V","VL",5030874,5269362,22,"A_12_P101426",33
"197","V","VL",5030874,5269362,22,"A_12_P101543",33
"198","V","VL",5030874,5269362,22,"A_12_P101610",33
"199","V","VL",5030874,5269362,22,"A_12_P102124",33
"200","V","VL",5030874,5269362,22,"A_12_P102287",33
"201","V","VL",5030874,5269362,22,"A_12_P102711",33
"202","V","VL",5030874,5269362,22,"A_12_P105398",33
"203","V","VL",5030874,5269362,22,"A_12_P107335",33
"204","V","VL",5030874,5269362,22,"A_12_P107687",33
"205","V","VL",5030874,5269362,22,"A_12_P108115",33
"206","V","VL",5030874,5269362,22,"A_12_P108147",33
"207","V","VL",5030874,5269362,22,"A_12_P109300",33
"208","V","VL",5030874,5269362,22,"A_12_P110930",33
"209","V","VL",5030874,5269362,22,"A_12_P111099",33
"210","V","VL",5030874,5269362,22,"A_12_P111556",33
"211","V","VL",5030874,5269362,22,"A_12_P111888",33
"212","V","VL",5030874,5269362,22,"A_12_P112343",33
"213","V","VL",5030874,5269362,22,"A_12_P112972",33
"214","V","VL",5030874,5269362,22,"A_12_P113757",33
"215","V","VL",5030874,5269362,22,"A_12_P113870",33
"216","V","VL",5030874,5269362,22,"A_12_P114653",33
"217","V","VL",5030874,5269362,22,"A_12_P114826",33
"218","V","VL",5030874,5269362,22,"A_12_P115620",33
"219","V","VL",5030874,5269362,22,"A_12_P117520",33
"220","V","VL",5030874,5269362,22,"A_12_P101732",33
"221","V","VL",5030874,5269362,22,"A_12_P109158",33
"222","V","VL",5030874,5269362,22,"A_12_P109225",33
"223","V","VL",5030874,5269362,22,"A_12_P110005",33
"224","V","VL",5030874,5269362,22,"A_12_P113576",33
"225","V","VL",5030874,5269362,22,"A_12_P117381",33
"226","V","VL",5030874,5269362,22,"A_12_P112681",33
"227","V","VC",8726569,11671299,35,"A_12_P101037",49
"228","V","VC",8726569,11671299,35,"A_12_P101050",49
"229","V","VC",8726569,11671299,35,"A_12_P101333",49
"230","V","VC",8726569,11671299,35,"A_12_P101810",49
"231","V","VC",8726569,11671299,35,"A_12_P102257",49
"232","V","VC",8726569,11671299,35,"A_12_P102323",49
"233","V","VC",8726569,11671299,35,"A_12_P102400",49
"234","V","VC",8726569,11671299,35,"A_12_P102599",49
"235","V","VC",8726569,11671299,35,"A_12_P102966",49
"236","V","VC",8726569,11671299,35,"A_12_P103840",49
"237","V","VC",8726569,11671299,35,"A_12_P104350",49
"238","V","VC",8726569,11671299,35,"A_12_P104714",49
"239","V","VC",8726569,11671299,35,"A_12_P104798",49
"240","V","VC",8726569,11671299,35,"A_12_P105501",49
"241","V","VC",8726569,11671299,35,"A_12_P105532",49
"242","V","VC",8726569,11671299,35,"A_12_P106245",49
"243","V","VC",8726569,11671299,35,"A_12_P107338",49
"244","V","VC",8726569,11671299,35,"A_12_P107404",49
"245","V","VC",8726569,11671299,35,"A_12_P109101",49
"246","V","VC",8726569,11671299,35,"A_12_P109658",49
"247","V","VC",8726569,11671299,35,"A_12_P111065",49
"248","V","VC",8726569,11671299,35,"A_12_P111998",49
"249","V","VC",8726569,11671299,35,"A_12_P112263",49
"250","V","VC",8726569,11671299,35,"A_12_P112758",49
"251","V","VC",8726569,11671299,35,"A_12_P114129",49
"252","V","VC",8726569,11671299,35,"A_12_P114276",49
"253","V","VC",8726569,11671299,35,"A_12_P115328",49
"254","V","VC",8726569,11671299,35,"A_12_P115684",49
"255","V","VC",8726569,11671299,35,"A_12_P115700",49
"256","V","VC",8726569,11671299,35,"A_12_P116766",49
"257","V","VC",8726569,11671299,35,"A_12_P116989",49
"258","V","VC",8726569,11671299,35,"A_12_P117115",49
"259","V","VC",8726569,11671299,35,"A_12_P117478",49
"260","V","VC",8726569,11671299,35,"A_12_P117590",49
"261","V","VC",8726569,11671299,35,"A_12_P118102",49
"262","V","VC",8726569,11671299,35,"A_12_P118240",49
"263","V","VC",8726569,11671299,35,"A_12_P118743",49
"264","V","VC",8726569,11671299,35,"A_12_P118758",49
"265","V","VC",8726569,11671299,35,"A_12_P119353",49
"266","V","VC",8726569,11671299,35,"A_12_P119459",49
"267","V","VC",8726569,11671299,35,"A_12_P119747",49
"268","V","VC",8726569,11671299,35,"A_12_P119893",49
"269","V","VC",8726569,11671299,35,"A_12_P106753",49
"270","V","VC",8726569,11671299,35,"A_12_P106853",49
"271","V","VC",8726569,11671299,35,"A_12_P114311",49
"272","V","VC",8726569,11671299,35,"A_12_P114794",49
"273","V","VC",8726569,11671299,35,"A_12_P115203",49
"274","V","VC",8726569,11671299,35,"A_12_P116575",49
"275","V","VC",8726569,11671299,35,"A_12_P118954",49
"276","V","VR",12861006,13888649,21,"A_12_P100862",32
"277","V","VR",12861006,13888649,21,"A_12_P100883",32
"278","V","VR",12861006,13888649,21,"A_12_P101389",32
"279","V","VR",12861006,13888649,21,"A_12_P101699",32
"280","V","VR",12861006,13888649,21,"A_12_P101863",32
"281","V","VR",12861006,13888649,21,"A_12_P102172",32
"282","V","VR",12861006,13888649,21,"A_12_P104508",32
"283","V","VR",12861006,13888649,21,"A_12_P106978",32
"284","V","VR",12861006,13888649,21,"A_12_P107179",32
"285","V","VR",12861006,13888649,21,"A_12_P108188",32
"286","V","VR",12861006,13888649,21,"A_12_P111503",32
"287","V","VR",12861006,13888649,21,"A_12_P111576",32
"288","V","VR",12861006,13888649,21,"A_12_P112574",32
"289","V","VR",12861006,13888649,21,"A_12_P112702",32
"290","V","VR",12861006,13888649,21,"A_12_P113359",32
"291","V","VR",12861006,13888649,21,"A_12_P113393",32
"292","V","VR",12861006,13888649,21,"A_12_P113539",32
"293","V","VR",12861006,13888649,21,"A_12_P113789",32
"294","V","VR",12861006,13888649,21,"A_12_P114673",32
"295","V","VR",12861006,13888649,21,"A_12_P114776",32
"296","V","VR",12861006,13888649,21,"A_12_P115312",32
"297","V","VR",12861006,13888649,21,"A_12_P116334",32
"298","V","VR",12861006,13888649,21,"A_12_P117677",32
"299","V","VR",12861006,13888649,21,"A_12_P119260",32
"300","V","VR",12861006,13888649,21,"A_12_P119851",32
"301","V","VR",12861006,13888649,21,"A_12_P120218",32
"302","V","VR",12861006,13888649,21,"A_12_P105696",32
"303","V","VR",12861006,13888649,21,"A_12_P105808",32
"304","V","VR",12861006,13888649,21,"A_12_P108996",32
"305","V","VR",12861006,13888649,21,"A_12_P111070",32
"306","V","VR",12861006,13888649,21,"A_12_P112109",32
"307","V","VR",12861006,13888649,21,"A_12_P113826",32
"308","X","XL",3303492,5831986,375,"A_12_P100040",410
"309","X","XL",3303492,5831986,375,"A_12_P100063",410
"310","X","XL",3303492,5831986,375,"A_12_P100076",410
"311","X","XL",3303492,5831986,375,"A_12_P100079",410
"312","X","XL",3303492,5831986,375,"A_12_P100182",410
"313","X","XL",3303492,5831986,375,"A_12_P100293",410
"314","X","XL",3303492,5831986,375,"A_12_P100388",410
"315","X","XL",3303492,5831986,375,"A_12_P100405",410
"316","X","XL",3303492,5831986,375,"A_12_P100464",410
"317","X","XL",3303492,5831986,375,"A_12_P100566",410
"318","X","XL",3303492,5831986,375,"A_12_P100627",410
"319","X","XL",3303492,5831986,375,"A_12_P100682",410
"320","X","XL",3303492,5831986,375,"A_12_P100704",410
"321","X","XL",3303492,5831986,375,"A_12_P100722",410
"322","X","XL",3303492,5831986,375,"A_12_P100809",410
"323","X","XL",3303492,5831986,375,"A_12_P100840",410
"324","X","XL",3303492,5831986,375,"A_12_P100963",410
"325","X","XL",3303492,5831986,375,"A_12_P101000",410
"326","X","XL",3303492,5831986,375,"A_12_P101017",410
"327","X","XL",3303492,5831986,375,"A_12_P101041",410
"328","X","XL",3303492,5831986,375,"A_12_P101084",410
"329","X","XL",3303492,5831986,375,"A_12_P101100",410
"330","X","XL",3303492,5831986,375,"A_12_P101112",410
"331","X","XL",3303492,5831986,375,"A_12_P101174",410
"332","X","XL",3303492,5831986,375,"A_12_P101305",410
"333","X","XL",3303492,5831986,375,"A_12_P101343",410
"334","X","XL",3303492,5831986,375,"A_12_P101356",410
"335","X","XL",3303492,5831986,375,"A_12_P101488",410
"336","X","XL",3303492,5831986,375,"A_12_P101501",410
"337","X","XL",3303492,5831986,375,"A_12_P101602",410
"338","X","XL",3303492,5831986,375,"A_12_P101711",410
"339","X","XL",3303492,5831986,375,"A_12_P101729",410
"340","X","XL",3303492,5831986,375,"A_12_P101732",410
"341","X","XL",3303492,5831986,375,"A_12_P101755",410
"342","X","XL",3303492,5831986,375,"A_12_P101838",410
"343","X","XL",3303492,5831986,375,"A_12_P101968",410
"344","X","XL",3303492,5831986,375,"A_12_P101988",410
"345","X","XL",3303492,5831986,375,"A_12_P102000",410
"346","X","XL",3303492,5831986,375,"A_12_P102008",410
"347","X","XL",3303492,5831986,375,"A_12_P102021",410
"348","X","XL",3303492,5831986,375,"A_12_P102037",410
"349","X","XL",3303492,5831986,375,"A_12_P102115",410
"350","X","XL",3303492,5831986,375,"A_12_P102123",410
"351","X","XL",3303492,5831986,375,"A_12_P102169",410
"352","X","XL",3303492,5831986,375,"A_12_P102269",410
"353","X","XL",3303492,5831986,375,"A_12_P102273",410
"354","X","XL",3303492,5831986,375,"A_12_P102381",410
"355","X","XL",3303492,5831986,375,"A_12_P102434",410
"356","X","XL",3303492,5831986,375,"A_12_P102439",410
"357","X","XL",3303492,5831986,375,"A_12_P102478",410
"358","X","XL",3303492,5831986,375,"A_12_P102564",410
"359","X","XL",3303492,5831986,375,"A_12_P102575",410
"360","X","XL",3303492,5831986,375,"A_12_P102668",410
"361","X","XL",3303492,5831986,375,"A_12_P102702",410
"362","X","XL",3303492,5831986,375,"A_12_P102752",410
"363","X","XL",3303492,5831986,375,"A_12_P102764",410
"364","X","XL",3303492,5831986,375,"A_12_P102780",410
"365","X","XL",3303492,5831986,375,"A_12_P102792",410
"366","X","XL",3303492,5831986,375,"A_12_P102845",410
"367","X","XL",3303492,5831986,375,"A_12_P102912",410
"368","X","XL",3303492,5831986,375,"A_12_P102947",410
"369","X","XL",3303492,5831986,375,"A_12_P102992",410
"370","X","XL",3303492,5831986,375,"A_12_P103126",410
"371","X","XL",3303492,5831986,375,"A_12_P103155",410
"372","X","XL",3303492,5831986,375,"A_12_P103226",410
"373","X","XL",3303492,5831986,375,"A_12_P103239",410
"374","X","XL",3303492,5831986,375,"A_12_P103248",410
"375","X","XL",3303492,5831986,375,"A_12_P103350",410
"376","X","XL",3303492,5831986,375,"A_12_P103434",410
"377","X","XL",3303492,5831986,375,"A_12_P103481",410
"378","X","XL",3303492,5831986,375,"A_12_P103584",410
"379","X","XL",3303492,5831986,375,"A_12_P103636",410
"380","X","XL",3303492,5831986,375,"A_12_P103686",410
"381","X","XL",3303492,5831986,375,"A_12_P103720",410
"382","X","XL",3303492,5831986,375,"A_12_P103756",410
"383","X","XL",3303492,5831986,375,"A_12_P103773",410
"384","X","XL",3303492,5831986,375,"A_12_P103999",410
"385","X","XL",3303492,5831986,375,"A_12_P104096",410
"386","X","XL",3303492,5831986,375,"A_12_P104117",410
"387","X","XL",3303492,5831986,375,"A_12_P104151",410
"388","X","XL",3303492,5831986,375,"A_12_P104159",410
"389","X","XL",3303492,5831986,375,"A_12_P104314",410
"390","X","XL",3303492,5831986,375,"A_12_P104315",410
"391","X","XL",3303492,5831986,375,"A_12_P104357",410
"392","X","XL",3303492,5831986,375,"A_12_P104415",410
"393","X","XL",3303492,5831986,375,"A_12_P104441",410
"394","X","XL",3303492,5831986,375,"A_12_P104501",410
"395","X","XL",3303492,5831986,375,"A_12_P104637",410
"396","X","XL",3303492,5831986,375,"A_12_P104671",410
"397","X","XL",3303492,5831986,375,"A_12_P104694",410
"398","X","XL",3303492,5831986,375,"A_12_P104791",410
"399","X","XL",3303492,5831986,375,"A_12_P104828",410
"400","X","XL",3303492,5831986,375,"A_12_P104873",410
"401","X","XL",3303492,5831986,375,"A_12_P104896",410
"402","X","XL",3303492,5831986,375,"A_12_P104913",410
"403","X","XL",3303492,5831986,375,"A_12_P104933",410
"404","X","XL",3303492,5831986,375,"A_12_P104961",410
"405","X","XL",3303492,5831986,375,"A_12_P104970",410
"406","X","XL",3303492,5831986,375,"A_12_P105095",410
"407","X","XL",3303492,5831986,375,"A_12_P105138",410
"408","X","XL",3303492,5831986,375,"A_12_P105140",410
"409","X","XL",3303492,5831986,375,"A_12_P105148",410
"410","X","XL",3303492,5831986,375,"A_12_P105289",410
"411","X","XL",3303492,5831986,375,"A_12_P105359",410
"412","X","XL",3303492,5831986,375,"A_12_P105445",410
"413","X","XL",3303492,5831986,375,"A_12_P105475",410
"414","X","XL",3303492,5831986,375,"A_12_P105674",410
"415","X","XL",3303492,5831986,375,"A_12_P105675",410
"416","X","XL",3303492,5831986,375,"A_12_P105752",410
"417","X","XL",3303492,5831986,375,"A_12_P105808",410
"418","X","XL",3303492,5831986,375,"A_12_P105893",410
"419","X","XL",3303492,5831986,375,"A_12_P105951",410
"420","X","XL",3303492,5831986,375,"A_12_P105954",410
"421","X","XL",3303492,5831986,375,"A_12_P106084",410
"422","X","XL",3303492,5831986,375,"A_12_P106100",410
"423","X","XL",3303492,5831986,375,"A_12_P106222",410
"424","X","XL",3303492,5831986,375,"A_12_P106227",410
"425","X","XL",3303492,5831986,375,"A_12_P106272",410
"426","X","XL",3303492,5831986,375,"A_12_P106295",410
"427","X","XL",3303492,5831986,375,"A_12_P106361",410
"428","X","XL",3303492,5831986,375,"A_12_P106373",410
"429","X","XL",3303492,5831986,375,"A_12_P106418",410
"430","X","XL",3303492,5831986,375,"A_12_P106432",410
"431","X","XL",3303492,5831986,375,"A_12_P106464",410
"432","X","XL",3303492,5831986,375,"A_12_P106673",410
"433","X","XL",3303492,5831986,375,"A_12_P106682",410
"434","X","XL",3303492,5831986,375,"A_12_P106715",410
"435","X","XL",3303492,5831986,375,"A_12_P106753",410
"436","X","XL",3303492,5831986,375,"A_12_P106864",410
"437","X","XL",3303492,5831986,375,"A_12_P106936",410
"438","X","XL",3303492,5831986,375,"A_12_P106960",410
"439","X","XL",3303492,5831986,375,"A_12_P107205",410
"440","X","XL",3303492,5831986,375,"A_12_P107254",410
"441","X","XL",3303492,5831986,375,"A_12_P107276",410
"442","X","XL",3303492,5831986,375,"A_12_P107405",410
"443","X","XL",3303492,5831986,375,"A_12_P107427",410
"444","X","XL",3303492,5831986,375,"A_12_P107439",410
"445","X","XL",3303492,5831986,375,"A_12_P107459",410
"446","X","XL",3303492,5831986,375,"A_12_P107573",410
"447","X","XL",3303492,5831986,375,"A_12_P107592",410
"448","X","XL",3303492,5831986,375,"A_12_P107617",410
"449","X","XL",3303492,5831986,375,"A_12_P107701",410
"450","X","XL",3303492,5831986,375,"A_12_P107764",410
"451","X","XL",3303492,5831986,375,"A_12_P107783",410
"452","X","XL",3303492,5831986,375,"A_12_P107899",410
"453","X","XL",3303492,5831986,375,"A_12_P107983",410
"454","X","XL",3303492,5831986,375,"A_12_P108061",410
"455","X","XL",3303492,5831986,375,"A_12_P108069",410
"456","X","XL",3303492,5831986,375,"A_12_P108130",410
"457","X","XL",3303492,5831986,375,"A_12_P108173",410
"458","X","XL",3303492,5831986,375,"A_12_P108287",410
"459","X","XL",3303492,5831986,375,"A_12_P108311",410
"460","X","XL",3303492,5831986,375,"A_12_P108320",410
"461","X","XL",3303492,5831986,375,"A_12_P108436",410
"462","X","XL",3303492,5831986,375,"A_12_P108444",410
"463","X","XL",3303492,5831986,375,"A_12_P108515",410
"464","X","XL",3303492,5831986,375,"A_12_P108532",410
"465","X","XL",3303492,5831986,375,"A_12_P108592",410
"466","X","XL",3303492,5831986,375,"A_12_P108683",410
"467","X","XL",3303492,5831986,375,"A_12_P108761",410
"468","X","XL",3303492,5831986,375,"A_12_P108767",410
"469","X","XL",3303492,5831986,375,"A_12_P108780",410
"470","X","XL",3303492,5831986,375,"A_12_P108801",410
"471","X","XL",3303492,5831986,375,"A_12_P108816",410
"472","X","XL",3303492,5831986,375,"A_12_P108884",410
"473","X","XL",3303492,5831986,375,"A_12_P108996",410
"474","X","XL",3303492,5831986,375,"A_12_P109044",410
"475","X","XL",3303492,5831986,375,"A_12_P109109",410
"476","X","XL",3303492,5831986,375,"A_12_P109110",410
"477","X","XL",3303492,5831986,375,"A_12_P109184",410
"478","X","XL",3303492,5831986,375,"A_12_P109188",410
"479","X","XL",3303492,5831986,375,"A_12_P109198",410
"480","X","XL",3303492,5831986,375,"A_12_P109225",410
"481","X","XL",3303492,5831986,375,"A_12_P109405",410
"482","X","XL",3303492,5831986,375,"A_12_P109422",410
"483","X","XL",3303492,5831986,375,"A_12_P109423",410
"484","X","XL",3303492,5831986,375,"A_12_P109441",410
"485","X","XL",3303492,5831986,375,"A_12_P109541",410
"486","X","XL",3303492,5831986,375,"A_12_P109547",410
"487","X","XL",3303492,5831986,375,"A_12_P109595",410
"488","X","XL",3303492,5831986,375,"A_12_P109649",410
"489","X","XL",3303492,5831986,375,"A_12_P109659",410
"490","X","XL",3303492,5831986,375,"A_12_P109681",410
"491","X","XL",3303492,5831986,375,"A_12_P109713",410
"492","X","XL",3303492,5831986,375,"A_12_P109794",410
"493","X","XL",3303492,5831986,375,"A_12_P109797",410
"494","X","XL",3303492,5831986,375,"A_12_P109808",410
"495","X","XL",3303492,5831986,375,"A_12_P109895",410
"496","X","XL",3303492,5831986,375,"A_12_P109902",410
"497","X","XL",3303492,5831986,375,"A_12_P110101",410
"498","X","XL",3303492,5831986,375,"A_12_P110166",410
"499","X","XL",3303492,5831986,375,"A_12_P110210",410
"500","X","XL",3303492,5831986,375,"A_12_P110271",410
"501","X","XL",3303492,5831986,375,"A_12_P110272",410
"502","X","XL",3303492,5831986,375,"A_12_P110344",410
"503","X","XL",3303492,5831986,375,"A_12_P110452",410
"504","X","XL",3303492,5831986,375,"A_12_P110458",410
"505","X","XL",3303492,5831986,375,"A_12_P110514",410
"506","X","XL",3303492,5831986,375,"A_12_P110601",410
"507","X","XL",3303492,5831986,375,"A_12_P110841",410
"508","X","XL",3303492,5831986,375,"A_12_P110871",410
"509","X","XL",3303492,5831986,375,"A_12_P110985",410
"510","X","XL",3303492,5831986,375,"A_12_P111039",410
"511","X","XL",3303492,5831986,375,"A_12_P111076",410
"512","X","XL",3303492,5831986,375,"A_12_P111079",410
"513","X","XL",3303492,5831986,375,"A_12_P111113",410
"514","X","XL",3303492,5831986,375,"A_12_P111219",410
"515","X","XL",3303492,5831986,375,"A_12_P111221",410
"516","X","XL",3303492,5831986,375,"A_12_P111338",410
"517","X","XL",3303492,5831986,375,"A_12_P111351",410
"518","X","XL",3303492,5831986,375,"A_12_P111379",410
"519","X","XL",3303492,5831986,375,"A_12_P111512",410
"520","X","XL",3303492,5831986,375,"A_12_P111740",410
"521","X","XL",3303492,5831986,375,"A_12_P111997",410
"522","X","XL",3303492,5831986,375,"A_12_P112117",410
"523","X","XL",3303492,5831986,375,"A_12_P112255",410
"524","X","XL",3303492,5831986,375,"A_12_P112264",410
"525","X","XL",3303492,5831986,375,"A_12_P112275",410
"526","X","XL",3303492,5831986,375,"A_12_P112288",410
"527","X","XL",3303492,5831986,375,"A_12_P112418",410
"528","X","XL",3303492,5831986,375,"A_12_P112441",410
"529","X","XL",3303492,5831986,375,"A_12_P112476",410
"530","X","XL",3303492,5831986,375,"A_12_P112523",410
"531","X","XL",3303492,5831986,375,"A_12_P112530",410
"532","X","XL",3303492,5831986,375,"A_12_P112606",410
"533","X","XL",3303492,5831986,375,"A_12_P112651",410
"534","X","XL",3303492,5831986,375,"A_12_P112692",410
"535","X","XL",3303492,5831986,375,"A_12_P112751",410
"536","X","XL",3303492,5831986,375,"A_12_P112821",410
"537","X","XL",3303492,5831986,375,"A_12_P112847",410
"538","X","XL",3303492,5831986,375,"A_12_P112891",410
"539","X","XL",3303492,5831986,375,"A_12_P112929",410
"540","X","XL",3303492,5831986,375,"A_12_P112970",410
"541","X","XL",3303492,5831986,375,"A_12_P113097",410
"542","X","XL",3303492,5831986,375,"A_12_P113136",410
"543","X","XL",3303492,5831986,375,"A_12_P113162",410
"544","X","XL",3303492,5831986,375,"A_12_P113195",410
"545","X","XL",3303492,5831986,375,"A_12_P113219",410
"546","X","XL",3303492,5831986,375,"A_12_P113222",410
"547","X","XL",3303492,5831986,375,"A_12_P113250",410
"548","X","XL",3303492,5831986,375,"A_12_P113268",410
"549","X","XL",3303492,5831986,375,"A_12_P113337",410
"550","X","XL",3303492,5831986,375,"A_12_P113363",410
"551","X","XL",3303492,5831986,375,"A_12_P113368",410
"552","X","XL",3303492,5831986,375,"A_12_P113521",410
"553","X","XL",3303492,5831986,375,"A_12_P113526",410
"554","X","XL",3303492,5831986,375,"A_12_P113632",410
"555","X","XL",3303492,5831986,375,"A_12_P113686",410
"556","X","XL",3303492,5831986,375,"A_12_P113785",410
"557","X","XL",3303492,5831986,375,"A_12_P113823",410
"558","X","XL",3303492,5831986,375,"A_12_P113951",410
"559","X","XL",3303492,5831986,375,"A_12_P113952",410
"560","X","XL",3303492,5831986,375,"A_12_P114285",410
"561","X","XL",3303492,5831986,375,"A_12_P114321",410
"562","X","XL",3303492,5831986,375,"A_12_P114367",410
"563","X","XL",3303492,5831986,375,"A_12_P114454",410
"564","X","XL",3303492,5831986,375,"A_12_P114560",410
"565","X","XL",3303492,5831986,375,"A_12_P114718",410
"566","X","XL",3303492,5831986,375,"A_12_P114790",410
"567","X","XL",3303492,5831986,375,"A_12_P114791",410
"568","X","XL",3303492,5831986,375,"A_12_P114857",410
"569","X","XL",3303492,5831986,375,"A_12_P114872",410
"570","X","XL",3303492,5831986,375,"A_12_P114886",410
"571","X","XL",3303492,5831986,375,"A_12_P114927",410
"572","X","XL",3303492,5831986,375,"A_12_P114950",410
"573","X","XL",3303492,5831986,375,"A_12_P114968",410
"574","X","XL",3303492,5831986,375,"A_12_P114978",410
"575","X","XL",3303492,5831986,375,"A_12_P115021",410
"576","X","XL",3303492,5831986,375,"A_12_P115120",410
"577","X","XL",3303492,5831986,375,"A_12_P115174",410
"578","X","XL",3303492,5831986,375,"A_12_P115206",410
"579","X","XL",3303492,5831986,375,"A_12_P115350",410
"580","X","XL",3303492,5831986,375,"A_12_P115384",410
"581","X","XL",3303492,5831986,375,"A_12_P115411",410
"582","X","XL",3303492,5831986,375,"A_12_P115435",410
"583","X","XL",3303492,5831986,375,"A_12_P115545",410
"584","X","XL",3303492,5831986,375,"A_12_P115579",410
"585","X","XL",3303492,5831986,375,"A_12_P115609",410
"586","X","XL",3303492,5831986,375,"A_12_P115705",410
"587","X","XL",3303492,5831986,375,"A_12_P115719",410
"588","X","XL",3303492,5831986,375,"A_12_P115750",410
"589","X","XL",3303492,5831986,375,"A_12_P115803",410
"590","X","XL",3303492,5831986,375,"A_12_P115813",410
"591","X","XL",3303492,5831986,375,"A_12_P115822",410
"592","X","XL",3303492,5831986,375,"A_12_P115840",410
"593","X","XL",3303492,5831986,375,"A_12_P115897",410
"594","X","XL",3303492,5831986,375,"A_12_P116137",410
"595","X","XL",3303492,5831986,375,"A_12_P116210",410
"596","X","XL",3303492,5831986,375,"A_12_P116274",410
"597","X","XL",3303492,5831986,375,"A_12_P116316",410
"598","X","XL",3303492,5831986,375,"A_12_P116396",410
"599","X","XL",3303492,5831986,375,"A_12_P116575",410
"600","X","XL",3303492,5831986,375,"A_12_P116620",410
"601","X","XL",3303492,5831986,375,"A_12_P116746",410
"602","X","XL",3303492,5831986,375,"A_12_P116760",410
"603","X","XL",3303492,5831986,375,"A_12_P116815",410
"604","X","XL",3303492,5831986,375,"A_12_P116838",410
"605","X","XL",3303492,5831986,375,"A_12_P116942",410
"606","X","XL",3303492,5831986,375,"A_12_P116955",410
"607","X","XL",3303492,5831986,375,"A_12_P116993",410
"608","X","XL",3303492,5831986,375,"A_12_P117029",410
"609","X","XL",3303492,5831986,375,"A_12_P117040",410
"610","X","XL",3303492,5831986,375,"A_12_P117134",410
"611","X","XL",3303492,5831986,375,"A_12_P117150",410
"612","X","XL",3303492,5831986,375,"A_12_P117163",410
"613","X","XL",3303492,5831986,375,"A_12_P117215",410
"614","X","XL",3303492,5831986,375,"A_12_P117322",410
"615","X","XL",3303492,5831986,375,"A_12_P117371",410
"616","X","XL",3303492,5831986,375,"A_12_P117470",410
"617","X","XL",3303492,5831986,375,"A_12_P117515",410
"618","X","XL",3303492,5831986,375,"A_12_P117536",410
"619","X","XL",3303492,5831986,375,"A_12_P117639",410
"620","X","XL",3303492,5831986,375,"A_12_P117754",410
"621","X","XL",3303492,5831986,375,"A_12_P117785",410
"622","X","XL",3303492,5831986,375,"A_12_P117804",410
"623","X","XL",3303492,5831986,375,"A_12_P117856",410
"624","X","XL",3303492,5831986,375,"A_12_P117881",410
"625","X","XL",3303492,5831986,375,"A_12_P117900",410
"626","X","XL",3303492,5831986,375,"A_12_P117945",410
"627","X","XL",3303492,5831986,375,"A_12_P117951",410
"628","X","XL",3303492,5831986,375,"A_12_P118022",410
"629","X","XL",3303492,5831986,375,"A_12_P118191",410
"630","X","XL",3303492,5831986,375,"A_12_P118208",410
"631","X","XL",3303492,5831986,375,"A_12_P118223",410
"632","X","XL",3303492,5831986,375,"A_12_P118298",410
"633","X","XL",3303492,5831986,375,"A_12_P118372",410
"634","X","XL",3303492,5831986,375,"A_12_P118419",410
"635","X","XL",3303492,5831986,375,"A_12_P118428",410
"636","X","XL",3303492,5831986,375,"A_12_P118448",410
"637","X","XL",3303492,5831986,375,"A_12_P118473",410
"638","X","XL",3303492,5831986,375,"A_12_P118483",410
"639","X","XL",3303492,5831986,375,"A_12_P118589",410
"640","X","XL",3303492,5831986,375,"A_12_P118673",410
"641","X","XL",3303492,5831986,375,"A_12_P118876",410
"642","X","XL",3303492,5831986,375,"A_12_P118891",410
"643","X","XL",3303492,5831986,375,"A_12_P118918",410
"644","X","XL",3303492,5831986,375,"A_12_P119014",410
"645","X","XL",3303492,5831986,375,"A_12_P119034",410
"646","X","XL",3303492,5831986,375,"A_12_P119092",410
"647","X","XL",3303492,5831986,375,"A_12_P119093",410
"648","X","XL",3303492,5831986,375,"A_12_P119101",410
"649","X","XL",3303492,5831986,375,"A_12_P119224",410
"650","X","XL",3303492,5831986,375,"A_12_P119261",410
"651","X","XL",3303492,5831986,375,"A_12_P119333",410
"652","X","XL",3303492,5831986,375,"A_12_P119395",410
"653","X","XL",3303492,5831986,375,"A_12_P119405",410
"654","X","XL",3303492,5831986,375,"A_12_P119442",410
"655","X","XL",3303492,5831986,375,"A_12_P119505",410
"656","X","XL",3303492,5831986,375,"A_12_P119667",410
"657","X","XL",3303492,5831986,375,"A_12_P119698",410
"658","X","XL",3303492,5831986,375,"A_12_P119866",410
"659","X","XL",3303492,5831986,375,"A_12_P119870",410
"660","X","XL",3303492,5831986,375,"A_12_P119899",410
"661","X","XL",3303492,5831986,375,"A_12_P119940",410
"662","X","XL",3303492,5831986,375,"A_12_P119943",410
"663","X","XL",3303492,5831986,375,"A_12_P119979",410
"664","X","XL",3303492,5831986,375,"A_12_P120006",410
"665","X","XL",3303492,5831986,375,"A_12_P120070",410
"666","X","XL",3303492,5831986,375,"A_12_P120084",410
"667","X","XL",3303492,5831986,375,"A_12_P120091",410
"668","X","XL",3303492,5831986,375,"A_12_P120195",410
"669","X","XL",3303492,5831986,375,"A_12_P120225",410
"670","X","XL",3303492,5831986,375,"A_12_P120254",410
"671","X","XL",3303492,5831986,375,"A_12_P100286",410
"672","X","XL",3303492,5831986,375,"A_12_P100443",410
"673","X","XL",3303492,5831986,375,"A_12_P100545",410
"674","X","XL",3303492,5831986,375,"A_12_P101769",410
"675","X","XL",3303492,5831986,375,"A_12_P102397",410
"676","X","XL",3303492,5831986,375,"A_12_P102481",410
"677","X","XL",3303492,5831986,375,"A_12_P103719",410
"678","X","XL",3303492,5831986,375,"A_12_P104677",410
"679","X","XL",3303492,5831986,375,"A_12_P105303",410
"680","X","XL",3303492,5831986,375,"A_12_P105514",410
"681","X","XL",3303492,5831986,375,"A_12_P106320",410
"682","X","XL",3303492,5831986,375,"A_12_P106516",410
"683","X","XL",3303492,5831986,375,"A_12_P106814",410
"684","X","XL",3303492,5831986,375,"A_12_P107075",410
"685","X","XL",3303492,5831986,375,"A_12_P107265",410
"686","X","XL",3303492,5831986,375,"A_12_P107619",410
"687","X","XL",3303492,5831986,375,"A_12_P108400",410
"688","X","XL",3303492,5831986,375,"A_12_P109628",410
"689","X","XL",3303492,5831986,375,"A_12_P110351",410
"690","X","XL",3303492,5831986,375,"A_12_P111170",410
"691","X","XL",3303492,5831986,375,"A_12_P111291",410
"692","X","XL",3303492,5831986,375,"A_12_P111297",410
"693","X","XL",3303492,5831986,375,"A_12_P111395",410
"694","X","XL",3303492,5831986,375,"A_12_P111923",410
"695","X","XL",3303492,5831986,375,"A_12_P112681",410
"696","X","XL",3303492,5831986,375,"A_12_P112823",410
"697","X","XL",3303492,5831986,375,"A_12_P113012",410
"698","X","XL",3303492,5831986,375,"A_12_P113104",410
"699","X","XL",3303492,5831986,375,"A_12_P113528",410
"700","X","XL",3303492,5831986,375,"A_12_P113571",410
"701","X","XL",3303492,5831986,375,"A_12_P115142",410
"702","X","XL",3303492,5831986,375,"A_12_P115406",410
"703","X","XL",3303492,5831986,375,"A_12_P115452",410
"704","X","XL",3303492,5831986,375,"A_12_P115707",410
"705","X","XL",3303492,5831986,375,"A_12_P116370",410
"706","X","XL",3303492,5831986,375,"A_12_P116440",410
"707","X","XL",3303492,5831986,375,"A_12_P117607",410
"708","X","XL",3303492,5831986,375,"A_12_P117752",410
"709","X","XL",3303492,5831986,375,"A_12_P117818",410
"710","X","XL",3303492,5831986,375,"A_12_P118240",410
"711","X","XL",3303492,5831986,375,"A_12_P118642",410
"712","X","XL",3303492,5831986,375,"A_12_P119965",410
"713","X","XL",3303492,5831986,375,"A_12_P120216",410
"714","X","XL",3303492,5831986,375,"A_12_P101773",410
"715","X","XL",3303492,5831986,375,"A_12_P113068",410
"716","X","XL",3303492,5831986,375,"A_12_P118388",410
"717","X","XL",3303492,5831986,375,"A_12_P113088",410
"718","X","XC",6807435,7801408,18,"A_12_P100753",20
"719","X","XC",6807435,7801408,18,"A_12_P101116",20
"720","X","XC",6807435,7801408,18,"A_12_P101896",20
"721","X","XC",6807435,7801408,18,"A_12_P103080",20
"722","X","XC",6807435,7801408,18,"A_12_P104197",20
"723","X","XC",6807435,7801408,18,"A_12_P107587",20
"724","X","XC",6807435,7801408,18,"A_12_P110158",20
"725","X","XC",6807435,7801408,18,"A_12_P110424",20
"726","X","XC",6807435,7801408,18,"A_12_P114651",20
"727","X","XC",6807435,7801408,18,"A_12_P115534",20
"728","X","XC",6807435,7801408,18,"A_12_P115543",20
"729","X","XC",6807435,7801408,18,"A_12_P117325",20
"730","X","XC",6807435,7801408,18,"A_12_P117638",20
"731","X","XC",6807435,7801408,18,"A_12_P118544",20
"732","X","XC",6807435,7801408,18,"A_12_P118940",20
"733","X","XC",6807435,7801408,18,"A_12_P118970",20
"734","X","XC",6807435,7801408,18,"A_12_P106675",20
"735","X","XC",6807435,7801408,18,"A_12_P107294",20
"736","X","XC",6807435,7801408,18,"A_12_P112343",20
"737","X","XC",6807435,7801408,18,"A_12_P119733",20
